url,title,summary
https://spacenews.com/lunar-lander-company-ispace-sees-opportunities-in-japan-u-s-artemis-agreement/,Lunar lander company ispace sees opportunities in Japan-U.S. Artemis agreement,An agreement between the United States and Japan on contributions for the Artemis lunar exploration campaign could create additional opportunities for a Japanese lunar lander developer.Tokyo-based ispace cited the April 10 agreement between NASA and the Japanese government regarding roles in Artemis as a potential new market for the company. Under the agreement, the Japanese space agency JAXA will provide a pressurized rover for Artemis mission starting in the early 2030s, with NASA includes two seats on Artemis landing missions for JAXA astronauts.“We believe that the Japan-U.S. agreement on the Artemis program, made in April of this year, created a quite positive business environment for us to work with and contribute to the governments of the various countries,” Takeshi Hakamada, chief executive of ispace, said in a May 10 earnings call about the company’s financial results for the fiscal year ending in March 2024.
https://spacenews.com/japan-makes-history-with-tense-successful-moon-landing/,Japan makes history with tense, successful moon landing,Japan’s SLIM “Moon Sniper” spacecraft made a successful lunar landing Friday, making the country just the fifth to robotically land on the moon.The Smart Lander for Investigating Moon (SLIM) spacecraft began its descent from a 15-kilometer perilune shortly after 10:00 a.m. Eastern, Jan. 19 (1500 UTC), decelerating from a speed of around 1,700 meters per second.SLIM appeared to have successfully touched down at 10:20 a.m. (1520 UTC), during a Japan Aerospace Exploration Agency (JAXA) livestream of the event. It was not however immediately clear if the landing was successful, with the livestream ending inconclusively. A wait of more than an hour followed for clarification and confirmation.
https://spacenews.com/europe-seeks-greater-autonomy-in-space-traffic-management/,Europe seeks greater autonomy in space traffic management,European officials say they’re making progress to achieve “strategic autonomy” in space traffic management by building up both capabilities and policy.During a session at the 15th European Space Conference Jan. 25, representatives from the European Commission, European Space Agency and industry said they were making progress in building up European abilities in space situational awareness (SSA) and space traffic management (STM), reducing reliance on the United States.“There’s a high political awareness on the need to achieve strategic autonomy on SSA and STM in Europe,” said Pascal Faucher, chair of the European Union Space Surveillance and Tracking (EUSST) partnership. EUSST is a group of 15 E.U. member states that have agreed to combine national capabilities to improve efforts to track space objects and provide warnings of potential collisions. It opened its collision avoidance service worldwide as of the beginning of the year.
https://spacenews.com/chinas-guowang-launch-raises-questions-about-satellite-purpose-and-transparency/,China’s Guowang launch raises questions about satellite purpose and transparency,China has launched its first satellites for the Guowang constellation, but a veil of secrecy surrounds their purpose and capabilities, raising more questions than answers.China launched the first 10 satellites for its Guowang (‘national net’) megaconstellation Dec. 16, using a Long March 5B rocket from the Wenchang spaceport. A second batch of satellites, known as satellite internet low-orbit group 02, recently arrived at Wenchang, the China Aerospace Science and Technology Corporation stated Jan. 6.Yet very little is known about the satellites. Even their designation does not definitively tie them to the Guowang project, though apparent leaked mission patches reveal the launch was for SatNet, the state-owned enterprise established to oversee the national project.
https://spacenews.com/taking-space-safety-cues-from-air-and-sea/,Taking space safety cues from air and sea,Parallels with aviation and maritime industries offer important insights for managing increasingly congested orbits, according to a Feb. 6 panel of space technology executives at the SmallSat Symposium in Silicon Valley.“We have 10,000-plus satellites right now, projected to double every 22 months,” said Ahsun Murad, CEO of satellite network specialist Optimal Satcom, potentially leading to “about 100,000 satellites in seven years,” amid insatiable demand for connectivity. There are also about 100,000 ships in the oceans, noted Rajeev Gopal, vice president of advanced defense programs at Hughes Network Systems, and somewhere around 30,000 to 40,000 commercial aircraft in service globally.
https://spacenews.com/viasat-developing-small-satellite-constellation-management-service/,Viasat developing small satellite constellation management service,Viasat plans to demonstrate automated constellation management software in 2026 to help small satellites operate independently in increasingly congested low Earth orbit (LEO). The Multi-Mission Orchestrator’s (MMO) algorithms would draw from publicly available orbital data and information from participating satellite operators to reduce the need for ground-based control crews, the geostationary fleet operator announced Aug. 5.These algorithms could run terrestrially or hosted onboard small satellites, according Viasat, enabling spacecraft to cooperate and coordinate operations across the fleet and orbital domain.
https://spacenews.com/japan-creates-multibillion-dollar-space-strategic-fund-to-boost-space-industry/,Japan creates multibillion-dollar space strategic fund to boost space industry,Japan has established a multibillion-dollar Space Strategic Fund to help develop the country’s innovation, autonomy and international competitiveness in space.Japan’s cabinet approved a bill to establish a $6.7 billion (1 trillion yen), 10-year fund for the Japan Aerospace Exploration Agency (JAXA) in November, aimed at supporting development, technology demonstration, and commercialization of advanced technologies in the space field. New details were presented in a Space Policy Committee meeting in February, including defining three areas for support: satellites, space exploration and space transportation.Objectives include maintaining independence in space capabilities, strengthening technological superiority, and increasing supply chain autonomy. This is to be achieved by expanding the space-related market, solving global social issues through space technologies, and advancing knowledge and technological capabilities in space exploration. It answers a call in the Space Basic Plan, revised in June 2023, for JAXA to be able to support entities from the commercial and academic worlds.
https://spacenews.com/saber-astronautics-gets-space-force-contract-for-data-visualization-software/,Saber Astronautics gets Space Force contract for data visualization software,The U.S. Space Force awarded Saber Astronautics a $1.2 million contract to develop data visualization software focused on the cislunar region of space, between Earth and the moon’s orbit.
https://spacenews.com/china-targets-2030-for-mars-sample-return-mission-potential-landing-areas-revealed/,China targets 2030 for Mars sample return mission, potential landing areas revealed,China is making progress towards a 2030 launch for its Tianwen-3 Mars sample return mission and has narrowed down potential landing areas.Work on China’s Tianwen-3 Mars sample return mission is progressing “relatively smoothly” and will launch around 2030, Sun Zezhou, a senior engineer at the China Academy of Space Technology (CAST), told China Central Television (CCTV) March 6. Sun was the chief designer of China’s successful Tianwen-1 Mars orbiter and rover mission.The update, while short and vague, comes as NASA is reassessing its Mars Sample Return (MSR) mission due to major budget and schedule concerns. A final fiscal year 2024 spending bill deferred a decision on spending for MSR.
https://spacenews.com/neuraspace-starts-free-space-traffic-management-service/,Neuraspace starts free space traffic management service,Portuguese startup Neuraspace has released a free version of its space traffic management platform to foster more collaboration among satellite operators.
https://spacenews.com/the-defense-establishments-ai-awakening/,The defense establishment’s AI awakening,The United States defense and aerospace establishment is taking meaningful, if measured, steps to apply artificial intelligence to missions traditionally handled by human analysts and manual systems.
https://spacenews.com/acquires-orbital-insight/,Privateer acquires Orbital Insight,Space situational awareness company Privateer acquired geospatial data analysis firm Orbital Insight in a deal announced May 6.
https://spacenews.com/neuraspace-platform-assets-jump-tenfold/,NeuraSpace platform assets jump tenfold,In six months, Portuguese startup NeuraSpace has gone from 25 to 250 satellites on its space traffic management platform.
https://spacenews.com/commerce-department-outlines-plans-for-basic-space-traffic-management-service/,Commerce Department outlines plans for basic space traffic management service,The Commerce Department has outlined the services it proposes to offer free of charge to satellite operators from the space traffic management system it is developing.In a request for information (RFI) published Jan. 26, the department’s Office of Space Commerce listed what services it anticipates offering through a “basic” space safety service and those more advanced services that will not be included.The Office of Space Commerce plans to provide those services through a system called the Traffic Management System for Space (TraCSS), previously known as the open architecture data repository. The office is developing TraCSS to eventually take over providing civil space traffic management services, such as warnings of potential collisions, from the Defense Department as outlined in Space Policy Directive 3 in 2018.
https://spacenews.com/live-event-the-space-investment-horizon/,Live Event: The Space Investment Horizon,From inflationary pressures and shifting interest rates to supply chain challenges and intensifying great-power competition, today’s macroeconomic and geopolitical forces are reshaping the future of space investment.
https://spacenews.com/next-chapter-in-space-defense-satellites-that-never-stop-moving/,Next chapter in space defense: Satellites that never stop moving,Illustration of in-space refueling of satellites. Credit: Orbit Fab NATIONAL HARBOR, Md. — U.S. companies in the emerging in-space servicing, assembly, and manufacturing (ISAM) sector are working to better understand military needs as the U.S.
https://spacesafety.org/,Space Safety Coalition, The Space Safety Coalition (SSC, SpaceSafety.org) is an ad hoc coalition of companies, organizations, and other government and industry stakeholders that actively promotes responsible space safety through the adoption of relevant international standards, guidelines and practices, and the development of more effective space safety guidelines and best practices.
https://www.gmv.com/en-es/media/blog/space-safety/challenges-space-debris,The challenges of space debris,You’ve probably seen science fiction movies with catastrophic scenes of satellites falling to Earth, causing widespread panic and destruction. However, these depictions are a far cry from reality.
https://spacenews.com/beyond-the-downlink-why-earth-independent-ai-is-the-next-moat-in-space-operations/,Beyond the downlink: Why Earth-independent AI is the next moat in space operations,Illustration of autonomous satellites. Credit: NASA Every new space mission runs into the same wall: physics and fragility.
https://www.space.com/space-exploration/satellites/orbiting-satellite-uses-ai-to-reorient-itself-in-major-step-towards-full-autonomy-in-space,Orbiting satellite uses AI to reorient itself in 'major step towards full autonomy in space',For the first time, researchers have controlled the orientation of a satellite in space using an autonomous AI, a major feat that could greatly improve the safety and effectiveness of satellites in space.
